City,Lat,Long,Max Temp,Humidity,Cloudiness,Wind Speed,Country,Date
Salamanca,40.8333,-6.0,56.98,40,0,4.85,ES,1628468694
Jamestown,42.097,-79.2353,78.39,82,1,3.0,US,1628468794
Richards bay,-28.783,32.0377,64.09,57,1,10.16,ZA,1628468866
Hualmay,-11.0964,-77.6139,62.56,83,40,14.09,PE,1628468866
Punta arenas,-53.15,-70.9167,41.11,75,90,12.66,CL,1628468866
Ambilobe,-13.2,49.05,67.93,81,79,2.01,MG,1628468867
Hamilton,39.1834,-84.5333,86.09,64,20,1.01,US,1628468732
Ponta do sol,32.6667,-17.1,70.43,76,21,3.91,PT,1628468867
Qaanaaq,77.484,-69.3632,39.25,71,90,2.3,GL,1628468863
Dossor,47.5272,52.9811,78.71,34,66,10.56,KZ,1628468648
Port elizabeth,-33.918,25.5701,55.69,76,0,6.91,ZA,1628468861
Cayenne,4.9333,-52.3333,82.09,83,0,5.99,GF,1628468712
Porto walter,-8.2686,-72.7439,82.22,48,84,2.59,BR,1628468868
Rikitea,-23.1203,-134.9692,74.61,77,1,12.06,PF,1628468851
Belem de sao francisco,-8.7539,-38.9658,71.83,61,10,19.08,BR,1628468868
Port alfred,-33.5906,26.891,59.77,82,47,15.28,ZA,1628468869
Thompson,55.7435,-97.8558,68.16,64,75,8.05,CA,1628468661
Guerrero negro,27.9769,-114.0611,76.37,68,1,16.13,MX,1628468869
Butembo,0.15,29.2833,55.99,95,69,2.13,CD,1628468870
Crasna,47.1667,22.9,69.46,53,13,4.56,RO,1628468870
Cidreira,-30.1811,-50.2056,60.13,91,1,10.49,BR,1628468854
Kagoro,9.6,8.3833,66.83,99,72,5.35,NG,1628468871
Upernavik,72.7868,-56.1549,42.03,87,98,9.4,GL,1628468871
Odienne,9.51,-7.5692,69.73,98,96,0.92,CI,1628468871
Bredasdorp,-34.5322,20.0403,52.92,94,100,5.75,ZA,1628468855
Saldanha,-33.0117,17.9442,55.45,81,100,18.21,ZA,1628468854
Provideniya,64.3833,-173.3,53.71,62,0,15.66,RU,1628468857
Walvis bay,-22.9575,14.5053,52.09,87,65,4.61,NA,1628468872
Kapaa,22.0752,-159.319,86.32,66,20,4.0,US,1628468872
Dingle,10.9995,122.6711,77.81,89,100,0.83,PH,1628468873
Lompoc,34.6391,-120.4579,79.21,77,1,7.0,US,1628468634
Mataura,-46.1927,168.8643,40.48,95,88,5.75,NZ,1628468873
Lavrentiya,65.5833,-171.0,48.79,67,33,15.75,RU,1628468874
Castro,-24.7911,-50.0119,59.38,61,92,4.41,BR,1628468851
Coahuayana,18.7333,-103.6833,81.88,74,68,7.27,MX,1628468874
Saint-philippe,-21.3585,55.7679,68.22,85,28,3.38,RE,1628468874
Bethel,41.3712,-73.414,75.47,84,90,6.91,US,1628468875
Hermanus,-34.4187,19.2345,52.9,78,100,15.64,ZA,1628468875
Grindavik,63.8424,-22.4338,57.56,94,75,13.8,IS,1628468875
Royan,45.6285,-1.0281,64.38,77,100,5.3,FR,1628468876
Malindi,-3.2175,40.1191,73.13,84,23,10.74,KE,1628468703
Agustin codazzi,10.0341,-73.2361,76.3,85,53,4.52,CO,1628468876
Newport,51.5877,-2.9984,59.45,90,68,9.93,GB,1628468876
Puerto ayora,-0.7393,-90.3518,69.55,88,69,7.0,EC,1628468877
Asilah,35.465,-6.0348,71.46,70,0,2.8,MA,1628468877
Ciucsangeorgiu,46.3167,25.95,60.24,64,6,2.26,RO,1628468877
Slave lake,55.2834,-114.769,62.58,63,1,9.22,CA,1628468878
Bom jesus,-9.0744,-44.3586,70.97,51,3,3.36,BR,1628468878
Corrente,-3.7367,-43.3394,79.83,54,49,4.92,BR,1628468879
Ushuaia,-54.8,-68.3,40.66,65,75,5.75,AR,1628468702
Pangai,-19.8,-174.35,77.11,65,75,4.61,TO,1628468879
Georgetown,5.4112,100.3354,81.9,86,20,4.61,MY,1628468879
Vaitape,-16.5167,-151.75,79.09,77,24,12.35,PF,1628468880
Kemin,42.7846,75.6892,68.25,36,1,8.68,KG,1628468880
Balykshi,47.0667,51.8667,78.8,36,0,15.66,KZ,1628468881
Vaini,-21.2,-175.2,75.36,73,75,4.61,TO,1628468864
Faanui,-16.4833,-151.75,79.09,77,25,12.37,PF,1628468881
Mar del plata,-38.0023,-57.5575,48.22,81,0,11.5,AR,1628468861
Sant feliu de guixols,41.7833,3.0333,71.98,76,6,4.61,ES,1628468882
Rocha,-34.4833,-54.3333,54.0,94,100,16.64,UY,1628468882
Cine,37.6117,28.0614,72.5,55,0,2.39,TR,1628468882
Tiznit,29.5833,-9.5,63.61,82,38,4.56,MA,1628468883
Kenai,60.5544,-151.2583,55.02,96,90,16.11,US,1628468883
Barrow,71.2906,-156.7887,39.22,88,90,11.5,US,1628468884
Vila franca do campo,37.7167,-25.4333,72.01,89,46,10.76,PT,1628468884
Jimeta,9.2833,12.4667,74.8,88,94,4.12,NG,1628468884
Saint george,37.1041,-113.5841,104.47,8,1,3.0,US,1628468823
Ribeira grande,38.5167,-28.7,72.72,88,51,15.84,PT,1628468885
Fairbanks,64.8378,-147.7164,66.6,75,90,5.75,US,1628468885
Tucuma,-0.1833,-50.05,77.88,83,67,7.74,BR,1628468885
Fatehpur sikri,27.1,77.6667,83.03,80,100,4.97,IN,1628468886
Mehamn,71.0357,27.8492,58.3,64,10,8.14,NO,1628468886
Tala,30.6803,30.9429,73.69,92,0,3.94,EG,1628468886
Busselton,-33.65,115.3333,54.09,58,84,21.41,AU,1628468887
Yellowknife,62.456,-114.3525,55.92,47,75,8.05,CA,1628468882
Namibe,-15.1961,12.1522,62.96,83,74,6.31,AO,1628468887
Kodiak,57.79,-152.4072,59.2,60,65,10.09,US,1628468865
Kruisfontein,-34.0033,24.7314,50.88,90,100,7.81,ZA,1628468888
Salalah,17.0151,54.0924,77.09,100,90,2.3,OM,1628468888
Alvaraes,-3.2208,-64.8042,78.01,71,86,0.51,BR,1628468888
Lubango,-14.9172,13.4925,57.27,37,50,3.09,AO,1628468889
Holalkere,14.0333,76.1833,70.79,93,93,10.83,IN,1628468748
Atuona,-9.8,-139.0333,77.58,79,19,20.24,PF,1628468889
Bonthe,7.5264,-12.505,77.72,76,94,7.7,SL,1628468889
Mapastepec,15.4333,-92.9,80.96,86,100,1.81,MX,1628468890
Dikson,73.5069,80.5464,41.81,97,1,8.63,RU,1628468890
Mulege,26.8833,-111.9833,89.92,57,32,5.91,MX,1628468890
Petatlan,17.5167,-101.2667,85.8,88,45,4.85,MX,1628468891
Hilo,19.7297,-155.09,80.33,73,90,8.05,US,1628468755
Maroantsetra,-15.4333,49.7333,66.61,87,61,2.59,MG,1628468891
Minas,-34.3759,-55.2377,50.47,96,100,22.37,UY,1628468606
Gay,51.4666,58.4552,54.12,68,0,6.98,RU,1628468891
Cap-aux-meules,47.3821,-61.8597,59.05,88,20,8.05,CA,1628468892
Dire dawa,9.5931,41.8661,70.95,75,84,7.45,ET,1628468892
Dillon,34.4166,-79.3712,84.11,65,0,2.91,US,1628468892
Trapani,37.8333,12.6667,80.69,89,0,18.41,IT,1628468893
Sisimiut,66.9395,-53.6735,42.06,86,93,5.19,GL,1628468893
Ntungamo,-0.8833,29.65,63.18,91,39,2.51,UG,1628468893
Cape town,-33.9258,18.4232,54.1,92,75,4.0,ZA,1628468720
Lagoa,39.05,-27.9833,71.51,87,3,18.92,PT,1628468894
Mahebourg,-20.4081,57.7,68.29,94,75,3.44,MU,1628468894
Longyearbyen,78.2186,15.6401,40.84,93,75,4.61,SJ,1628468848
Montecristo,8.2971,-74.4733,76.71,96,56,0.65,CO,1628468895
Nanakuli,21.3906,-158.1547,85.37,54,20,10.36,US,1628468895
Sao joao da barra,-21.6403,-41.0511,69.22,82,24,12.8,BR,1628468868
La rioja,42.25,-2.5,59.04,77,0,3.0,ES,1628468894
Tripoli,32.8752,13.1875,84.52,53,0,13.89,LY,1628468795
Chuy,-33.6971,-53.4616,56.73,95,98,10.74,UY,1628468896
Bambous virieux,-20.3428,57.7575,68.25,94,75,3.44,MU,1628468896
Sinnamary,5.3833,-52.95,79.41,83,96,11.36,GF,1628468896
Saint-pierre,-21.3393,55.4781,68.29,71,90,4.61,RE,1628468897
Pacific grove,36.6177,-121.9166,86.76,83,1,3.0,US,1628468897
Moose factory,51.2585,-80.6094,75.2,56,1,9.22,CA,1628468870
Wexford,52.3342,-6.4575,54.57,91,23,7.14,IE,1628468898
Margate,51.3813,1.3862,59.31,85,56,1.99,GB,1628468898
Los llanos de aridane,28.6585,-17.9182,67.75,89,90,6.91,ES,1628468898
Mitu,1.1983,-70.1733,72.63,97,93,2.42,CO,1628468898
Huarmey,-10.0681,-78.1522,63.84,83,12,11.95,PE,1628468899
Port-gentil,-0.7193,8.7815,75.52,82,27,12.95,GA,1628468899
Lebu,-37.6167,-73.65,44.51,83,3,4.59,CL,1628468899
Husavik,66.0449,-17.3389,49.91,83,75,2.17,IS,1628468900
Cap malheureux,-19.9842,57.6142,68.49,90,85,1.99,MU,1628468900
Gazli,40.1333,63.45,83.32,21,0,10.65,UZ,1628468900
Narsaq,60.9167,-46.05,44.82,76,11,5.53,GL,1628468901
Coihaique,-45.5752,-72.0662,33.75,86,20,3.44,CL,1628468901
Ojinaga,29.5667,-104.4167,105.57,19,90,4.61,MX,1628468901
Hithadhoo,-0.6,73.0833,81.03,73,99,3.15,MV,1628468902
Ukiah,39.1502,-123.2078,98.53,28,1,9.22,US,1628468902
Kudahuvadhoo,2.6708,72.8944,83.25,70,100,12.44,MV,1628468902
Tasiilaq,65.6145,-37.6368,46.56,94,100,19.42,GL,1628468903
Novaya ladoga,60.1025,32.3019,60.42,95,100,6.2,RU,1628468903
Nioro,13.35,-15.75,76.93,90,97,7.7,GM,1628468904
Praia da vitoria,38.7333,-27.0667,71.85,94,75,16.33,PT,1628468903
Saint-francois,46.4154,3.9054,57.18,98,0,3.44,FR,1628468904
Opuwo,-18.0607,13.84,59.27,29,12,3.62,NA,1628468905
Waldoboro,44.0954,-69.3756,73.81,91,47,4.32,US,1628468905
Devrek,41.2192,31.9558,68.94,86,97,1.28,TR,1628468905
Sept-iles,50.2001,-66.3821,58.24,71,20,1.01,CA,1628468761
Sitka,57.0531,-135.33,62.49,67,90,12.66,US,1628468906
Nome,64.5011,-165.4064,59.07,64,90,21.85,US,1628468906
Pangnirtung,66.1451,-65.7125,43.99,76,100,4.45,CA,1628468906
Conceicao do araguaia,-8.2578,-49.2647,80.73,50,0,4.61,BR,1628468907
San cristobal,7.7669,-72.225,73.58,98,96,2.1,VE,1628468907
Ayorou,14.7308,0.9174,91.62,43,82,6.26,NE,1628468824
Beaufort,5.3473,115.7455,82.56,82,82,2.57,MY,1628468908
East london,-33.0153,27.9116,63.0,75,28,17.94,ZA,1628468908
Sioux lookout,50.1001,-91.917,75.58,68,20,8.05,CA,1628468908
Aklavik,68.2191,-135.0107,56.23,41,33,4.56,CA,1628468909
Inuvik,68.3499,-133.7218,56.26,47,75,3.44,CA,1628468909
Tchibanga,-2.85,11.0333,66.27,96,31,2.1,GA,1628468909
Ornskoldsvik,63.2909,18.7153,62.42,100,90,5.75,SE,1628468910
Uppsala,60.0,17.75,60.78,99,75,1.14,SE,1628468910
Texarkana,33.4251,-94.0477,93.42,56,1,3.0,US,1628468910
Aksarka,66.5606,67.7975,52.11,69,100,11.03,RU,1628468911
Talcahuano,-36.7167,-73.1167,46.08,76,0,3.44,CL,1628468911
Luderitz,-26.6481,15.1594,54.25,87,67,7.0,NA,1628468878
Kangaatsiaq,68.3065,-53.4641,40.71,94,100,13.06,GL,1628468911
Godhra,22.75,73.6333,81.3,83,100,10.04,IN,1628468912
Saint-honore,48.5334,-71.0824,65.59,56,100,4.92,CA,1628468912
General pico,-35.6566,-63.7568,42.24,90,100,9.1,AR,1628468912
Tucurui,-3.7661,-49.6725,81.3,49,56,1.57,BR,1628468913
Norman wells,65.282,-126.8329,57.24,58,75,12.66,CA,1628468898
Tecoanapa,16.5167,-98.75,83.28,78,33,5.66,MX,1628468913
Mahibadhoo,3.7833,72.9667,83.17,72,100,14.18,MV,1628468914
Illapel,-31.6308,-71.1653,48.02,91,64,3.53,CL,1628468914
Felanitx,39.4696,3.1483,74.01,71,2,8.86,ES,1628468914
Inhambane,-23.865,35.3833,63.77,68,0,5.82,MZ,1628468915
Constitucion,-35.3333,-72.4167,47.8,73,99,1.48,CL,1628468915
Torbay,47.6666,-52.7314,55.58,93,90,17.27,CA,1628468915
Miquelon,47.0975,-56.3814,60.13,90,50,21.34,PM,1628468915
Arraial do cabo,-22.9661,-42.0278,69.22,83,1,24.54,BR,1628468916
Victoria,22.2855,114.1577,86.32,87,100,1.01,HK,1628468916
Yangambi,0.8102,24.4336,68.4,86,31,0.43,CD,1628468916
Souillac,-20.5167,57.5167,68.38,94,75,3.44,MU,1628468917
Coquimbo,-29.9533,-71.3436,53.33,93,20,4.61,CL,1628468917
Tacuarembo,-31.7333,-55.9833,66.87,73,81,5.46,UY,1628468918
Ilulissat,69.2167,-51.1,44.62,81,75,4.61,GL,1628468914
Grand gaube,-20.0064,57.6608,68.4,90,87,1.99,MU,1628468918
Montrose,38.4166,-108.2673,76.73,14,0,10.16,US,1628468918
Ribas do rio pardo,-20.4431,-53.7592,72.57,35,13,7.65,BR,1628468919
Raudeberg,61.9875,5.1352,59.2,79,11,4.54,NO,1628468919
Taywarah,33.35,64.4167,55.17,30,1,7.0,AF,1628468919
Whitley bay,55.0397,-1.4471,59.2,90,20,6.91,GB,1628468920
Tautira,-17.7333,-149.15,84.22,75,27,8.86,PF,1628468920
Iqaluit,63.7506,-68.5145,42.53,87,90,6.91,CA,1628468920
Puerto del rosario,28.5004,-13.8627,71.35,73,2,14.97,ES,1628468921
Ancud,-41.8697,-73.8203,43.43,84,16,4.38,CL,1628468921
Cheyenne,41.14,-104.8203,87.24,18,1,9.22,US,1628468921
Bodden town,19.2833,-81.25,86.0,75,20,1.99,KY,1628468921
Vestmanna,62.1564,-7.1664,47.32,100,90,2.3,FO,1628468922
Spring valley,36.108,-115.245,106.43,7,1,1.01,US,1628468668
Macae,-22.3708,-41.7869,64.15,94,0,3.44,BR,1628468922
San patricio,28.017,-97.5169,90.32,62,37,18.07,US,1628468923
Tooele,40.5308,-112.2983,93.96,17,1,11.5,US,1628468923
Dumas,35.8656,-101.9732,90.82,42,1,9.22,US,1628468923
Codrington,-38.2667,141.9667,52.57,71,100,13.67,AU,1628468891
Luanda,-8.8368,13.2343,71.6,88,21,3.44,AO,1628468688
Haines junction,60.7522,-137.5108,60.75,55,96,6.91,CA,1628468924
Araouane,18.9048,-3.5265,95.11,27,32,15.68,ML,1628468924
Port alberni,49.2413,-124.8028,77.88,53,41,5.99,CA,1628468924
Judaberg,59.1659,5.8732,60.13,90,76,6.96,NO,1628468925
Avarua,-21.2078,-159.775,77.05,69,20,12.66,CK,1628468925
Dubrovnik,42.6481,18.0922,82.04,36,0,11.5,HR,1628468925
Yurla,59.3259,54.3223,48.94,96,74,2.66,RU,1628468926
Hashtrud,37.4779,47.0508,72.0,44,56,2.73,IR,1628468926
Port hawkesbury,45.6169,-61.3485,65.43,84,90,4.0,CA,1628468927
Madimba,-10.4,40.3333,68.92,88,32,8.03,TZ,1628468927
Kahului,20.8947,-156.47,87.06,58,20,25.32,US,1628468769
Camana,-16.6228,-72.7111,59.58,87,96,10.8,PE,1628468927
Tarsus,36.9188,34.8784,78.67,59,0,4.25,TR,1628468928
Ihosy,-22.4,46.1167,56.37,94,32,5.73,MG,1628468928
Iranshahr,27.2025,60.6848,95.34,13,0,9.22,IR,1628468928
Paso de carrasco,-34.8603,-56.0522,51.26,100,90,24.16,UY,1628468929
Kuryk,43.2,51.65,88.99,24,56,9.62,KZ,1628468929
Saint-joseph,-21.3667,55.6167,67.21,80,13,1.74,RE,1628468929
Itupeva,-23.1531,-47.0578,68.05,55,0,8.05,BR,1628468930
Tocopilla,-22.092,-70.1979,62.11,66,54,12.66,CL,1628468930
Dakar,14.6937,-17.4441,74.28,81,32,11.68,SN,1628468930
Alofi,-19.0595,-169.9187,80.49,83,97,11.5,NU,1628468931
Oeiras,-7.0253,-42.1311,75.13,32,1,6.29,BR,1628468931
Arlit,18.7369,7.3853,94.71,31,87,7.61,NE,1628468931
Bathsheba,13.2167,-59.5167,83.01,69,20,19.57,BB,1628468932
Zaykovo,57.5613,62.7568,57.47,99,49,7.25,RU,1628468932
Palmer,42.1584,-72.3287,75.43,76,75,4.61,US,1628468932
Comodoro rivadavia,-45.8667,-67.5,40.86,48,0,2.3,AR,1628468933
San jose,37.3394,-121.895,94.86,51,40,12.66,US,1628468732
Saint anthony,45.0205,-93.218,77.25,79,1,1.01,US,1628468933
Songea,-10.6833,35.65,54.91,71,6,2.55,TZ,1628468934
Garowe,8.4054,48.4845,73.38,72,66,24.49,SO,1628468934
Sorland,67.667,12.6934,57.4,85,83,10.54,NO,1628468934
Lagos,6.5833,3.75,77.32,95,100,5.46,NG,1628468934
Quatre cocos,-20.2078,57.7625,68.11,92,88,16.62,MU,1628468935
Touros,-5.1989,-35.4608,76.1,82,43,14.79,BR,1628468935
Klaksvik,62.2266,-6.589,49.12,92,100,6.51,FO,1628468935
North bend,43.4065,-124.2243,78.24,68,1,23.02,US,1628468936
Lysyanka,49.2523,30.8295,61.9,68,0,6.78,UA,1628468936
Camargo,27.6667,-105.1667,93.31,23,62,10.65,MX,1628468936
College,64.8569,-147.8028,66.18,76,75,3.44,US,1628468937
Kasempa,-13.4584,25.8338,56.97,43,0,5.3,ZM,1628468937
Tabou,4.423,-7.3528,75.54,87,51,10.2,CI,1628468937
Storforshei,66.4043,14.5233,60.66,92,99,5.48,NO,1628468938
Faya,18.3851,42.4509,75.72,48,53,4.21,SA,1628468938
Pisco,-13.7,-76.2167,61.02,82,0,13.8,PE,1628468938
Nadvoitsy,63.8667,34.3167,54.03,97,100,6.11,RU,1628468939
San rafael,-34.6177,-68.3301,38.82,94,100,10.96,AR,1628468939
Vestmannaeyjar,63.4427,-20.2734,56.48,78,94,8.25,IS,1628468939
Lollar,50.6465,8.705,56.71,89,20,5.46,DE,1628468940
Nanortalik,60.1432,-45.2371,42.69,91,38,12.84,GL,1628468940
Zorritos,-3.6805,-80.6782,70.79,77,10,8.3,PE,1628468940
Narwar,25.65,77.9,76.68,92,99,7.99,IN,1628468941
Kavaratti,10.5669,72.642,78.51,89,100,19.57,IN,1628468941
Fortuna,40.5982,-124.1573,86.18,67,20,5.99,US,1628468941
Paita,-5.0892,-81.1144,66.69,75,14,18.32,PE,1628468942
Boddam,57.4667,-1.7833,57.58,94,22,9.89,GB,1628468942
Morro bay,35.3658,-120.8499,86.88,59,22,5.01,US,1628468942
Mirabad,30.4362,61.8383,87.8,15,0,14.45,AF,1628468884
Mormugao,15.4,73.8,78.57,85,65,5.19,IN,1628468943
Mineros,-17.1167,-63.2333,80.19,41,62,5.23,BO,1628468943
Gazanjyk,39.2446,55.5154,87.42,17,0,13.29,TM,1628468943
Tuktoyaktuk,69.4541,-133.0374,50.0,76,75,8.05,CA,1628468944
Visnes,59.3556,5.2242,62.58,94,75,10.36,NO,1628468944
Cockburn town,21.4612,-71.1419,83.01,76,1,18.48,TC,1628468885
Ostrovnoy,68.0531,39.5131,49.42,78,0,8.34,RU,1628468945
Cascais,38.6979,-9.4215,64.62,75,0,11.99,PT,1628468945
Iskateley,67.6803,53.1512,44.22,91,3,1.63,RU,1628468945
Trujillo,-8.116,-79.03,62.56,88,22,9.22,PE,1628468946
Itarema,-2.9248,-39.9167,79.23,77,12,17.54,BR,1628468946
Adwa,14.1646,38.8955,60.73,95,54,3.87,ET,1628468947
Krechevitsy,58.617,31.401,59.05,96,100,5.88,RU,1628468947
Cabo san lucas,22.8909,-109.9124,91.06,72,40,1.01,MX,1628468947
Corinto,37.9407,22.9573,82.49,57,0,4.5,GR,1628468948
Gimbi,9.1667,35.8333,52.39,97,97,1.14,ET,1628468948
Ask,60.0717,11.0345,55.72,88,0,3.44,NO,1628468948
Havelock,34.8791,-76.9013,80.83,86,20,3.44,US,1628468949
Jizan,17.3333,42.6667,90.54,73,45,4.27,SA,1628468949
Saint pete beach,27.7253,-82.7412,88.02,70,1,1.99,US,1628468949
Sakakah,29.9697,40.2064,89.17,21,0,8.84,SA,1628468950
Takoradi,4.8845,-1.7554,75.36,89,52,8.66,GH,1628468950
Itacare,-14.2775,-38.9967,75.09,84,94,12.28,BR,1628468951
Panjab,34.388,67.0233,51.98,40,5,5.17,AF,1628468951
Clyde river,70.4692,-68.5914,41.23,93,90,12.66,CA,1628468930
Qasigiannguit,68.8193,-51.1922,44.85,92,100,5.97,GL,1628468951
Formosa,-26.1775,-58.1781,75.18,60,66,5.75,AR,1628468744
Caravelas,-17.7125,-39.2481,68.13,84,1,6.04,BR,1628468952
Marzuq,14.4,46.4667,85.17,28,80,5.57,YE,1628468952
Basi,26.8333,76.0333,80.94,78,69,3.02,IN,1628468953
Muisne,0.6,-80.0333,74.75,84,92,7.14,EC,1628468953
Hofn,64.2539,-15.2082,55.11,81,12,1.41,IS,1628468953
Prince george,53.9166,-122.753,78.26,39,1,1.01,CA,1628468953
Bandarbeyla,9.4942,50.8122,75.7,84,69,27.47,SO,1628468954
Uberaba,-19.7483,-47.9319,70.38,37,0,4.61,BR,1628468954
Torit,4.4133,32.5678,68.38,98,100,3.38,SS,1628468954
Rio branco,-9.9747,-67.81,79.41,61,4,2.3,BR,1628468955
Avera,33.194,-82.5271,86.05,79,87,6.58,US,1628468955
Midyat,37.4247,41.3393,74.48,38,14,3.76,TR,1628468955
Rawson,-43.3002,-65.1023,45.19,58,0,5.3,AR,1628468883
Lamu,-2.2717,40.902,73.62,82,62,11.99,KE,1628468956
Surt,31.2089,16.5887,80.64,73,0,12.17,LY,1628468956
Vallenar,-28.5708,-70.7581,51.6,63,1,2.44,CL,1628468956
Thunder bay,48.4001,-89.3168,73.99,94,90,5.75,CA,1628468702
Riyadh,24.6877,46.7219,89.74,22,23,2.82,SA,1628468957
Bray,53.2028,-6.0983,55.08,87,10,8.5,IE,1628468957
Betioky,-23.7167,44.3833,59.47,71,0,4.54,MG,1628468958
Pecos,31.4229,-103.4932,101.23,23,1,4.61,US,1628468958
Sechura,-5.5569,-80.8222,66.94,70,9,17.67,PE,1628468958
Aktau,43.65,51.2,82.98,25,84,10.65,KZ,1628468959
Uarini,-2.99,-65.1083,79.83,70,88,1.52,BR,1628468959
West plains,36.7281,-91.8524,89.28,74,75,0.0,US,1628468715
Pacasmayo,-7.4006,-79.5714,63.88,82,9,15.82,PE,1628468711
Mayo,38.8876,-76.5119,83.89,79,1,1.01,US,1628468959
Yeovil,50.9416,-2.6321,59.04,93,75,4.61,GB,1628468960
Intipuca,13.1969,-88.0544,85.89,87,75,2.37,SV,1628468960
Shebekino,50.4097,36.9136,70.27,32,93,3.0,RU,1628468960
Asfi,32.2994,-9.2372,66.94,79,0,12.5,MA,1628468961
Fazilka,30.4,74.0333,87.44,61,9,6.6,IN,1628468961
Piracanjuba,-17.3028,-49.0167,66.96,40,2,4.9,BR,1628468961
Urengoy,65.9667,78.3667,55.92,66,2,9.66,RU,1628468962
Moerai,-22.4333,-151.3333,72.82,72,13,7.14,PF,1628468962
Sterling,39.0062,-77.4286,84.2,67,20,8.05,US,1628468842
Idlib,35.9306,36.6339,78.19,70,0,11.1,SY,1628468962
Tessalit,20.1986,1.0114,90.55,31,60,6.6,ML,1628468963
Shumyachi,53.8583,32.4242,59.47,87,44,3.69,RU,1628468963
Marsh harbour,26.5412,-77.0636,83.59,72,16,9.06,BS,1628468950
Dulce grande,23.0,-102.1667,77.34,32,16,16.02,MX,1628468963
Uravakonda,14.95,77.2667,77.22,77,75,11.7,IN,1628468964
Arandas,20.7,-102.35,67.42,80,44,2.44,MX,1628468964
Goundi,9.3627,17.366,71.46,94,80,1.45,TD,1628468964
Marfino,55.7028,37.3822,64.87,100,20,0.0,RU,1628468965
Sao filipe,14.8961,-24.4956,79.07,85,35,3.29,CV,1628468965
Lubawa,53.5043,19.7497,60.4,73,68,7.02,PL,1628468965
Lugazi,0.3772,32.9197,67.68,94,91,3.36,UG,1628468966
Freeport,40.6576,-73.5832,71.76,94,90,12.66,US,1628468966
Caska,41.6506,21.6622,70.32,46,0,2.08,MK,1628468966
Yola,9.2,12.4833,74.16,89,93,3.94,NG,1628468967
Camocim,-2.9022,-40.8411,79.47,74,18,17.27,BR,1628468967
Buraydah,26.326,43.975,91.85,15,69,10.22,SA,1628468967
Buriti,-22.9302,-45.3881,67.17,67,54,1.95,BR,1628468968
Gamba,-2.65,10.0,72.88,86,66,5.66,GA,1628468968
Umm lajj,25.0213,37.2685,86.97,68,0,7.43,SA,1628468968
Ugoofaaru,5.6667,73.0,82.99,73,99,15.77,MV,1628468969
Maceio,-9.6658,-35.7353,72.84,94,75,8.05,BR,1628468806
Abu samrah,35.3029,37.1841,76.08,65,0,11.32,SY,1628468969
Mithi,24.7318,69.7981,79.97,73,21,14.97,PK,1628468969
Iznoski,54.9881,35.3108,58.96,89,20,2.33,RU,1628468970
Sao joao dos patos,-6.495,-43.7022,73.27,42,2,3.24,BR,1628468970
Liverpool,53.4106,-2.9779,59.83,79,31,5.01,GB,1628468935
Bereda,43.2686,-7.5406,57.0,100,96,1.52,ES,1628468970
Sao joao do paraiso,-15.3136,-42.0144,62.01,87,100,6.82,BR,1628468971
Manta,-0.95,-80.7333,71.38,88,20,11.5,EC,1628468677
Cedar city,37.6775,-113.0619,88.39,8,1,14.97,US,1628468755
Gombe,10.2897,11.1673,72.82,87,83,11.63,NG,1628468972
Mvuma,-19.2792,30.5283,50.29,56,0,5.23,ZW,1628468972
Valparaiso,-33.0393,-71.6273,49.64,87,20,4.61,CL,1628468790
Vorkuta,67.5,64.0,49.12,86,100,9.98,RU,1628468972
Chebenki,51.9337,55.7077,60.55,56,9,3.87,RU,1628468973
Sao felix do xingu,-6.6447,-51.995,76.75,43,18,2.89,BR,1628468973
Berlevag,70.8578,29.0864,57.34,69,8,9.15,NO,1628468974
Kirkwall,58.9848,-2.9587,55.96,93,90,6.91,GB,1628468974
Erdemli,36.605,34.3084,83.16,54,0,7.34,TR,1628468974
Nouadhibou,20.931,-17.0347,69.78,88,0,14.97,MR,1628468975
Kapan,39.2075,46.4058,77.14,46,10,5.32,AM,1628468975
Noyabrsk,63.1994,75.4507,59.81,75,16,8.68,RU,1628468975
Ketchikan,55.3422,-131.6461,64.87,77,90,8.05,US,1628468976
Hammerfest,70.6634,23.6821,64.85,48,66,8.05,NO,1628468976
Doha,25.2867,51.5333,93.18,84,1,6.91,QA,1628468795
La massana,42.5667,1.4833,55.85,95,8,2.04,AD,1628468976
Mozarlandia,-14.7447,-50.5706,76.8,34,4,3.6,BR,1628468977
Oistins,13.0667,-59.5333,82.49,69,20,19.57,BB,1628468689
Cuite,-6.4836,-36.1536,65.97,82,25,13.62,BR,1628468977
Laguna,38.421,-121.4238,101.44,37,1,5.01,US,1628468977
Monforte de lemos,42.5216,-7.5142,56.86,90,100,1.57,ES,1628468978
Vardo,70.3705,31.1107,54.41,80,5,7.49,NO,1628468978
Acapulco,16.8634,-99.8901,84.02,74,40,4.61,MX,1628468978
General roca,-39.0333,-67.5833,46.8,27,94,7.54,AR,1628468979
Assiniboia,49.6334,-105.9845,71.51,37,43,19.57,CA,1628468834
Bentiu,9.2333,29.8333,71.62,92,100,1.81,SS,1628468979
Kelso,46.1468,-122.9084,79.3,59,75,8.05,US,1628468980
Minot,48.2325,-101.2963,98.82,18,20,1.01,US,1628468980
Abasolo,20.45,-101.5167,61.54,69,62,6.82,MX,1628468980
Coihueco,-36.6167,-71.8333,43.54,93,82,5.75,CL,1628468981
Lincoln,40.8,-96.667,88.12,62,1,3.0,US,1628468876
Mende,44.6667,3.5,43.23,92,5,0.72,FR,1628468981
Den helder,52.9599,4.7593,64.38,90,75,19.57,NL,1628468981
Port hardy,50.6996,-127.4199,60.98,82,90,10.36,CA,1628468982
Olafsvik,64.8945,-23.7142,55.67,85,100,11.07,IS,1628468951
Thinadhoo,0.5333,72.9333,80.89,74,96,3.85,MV,1628468929
Hatillo,18.4863,-66.8254,83.08,85,91,12.06,PR,1628468982
Sirohi,24.8833,72.8667,79.41,79,47,8.37,IN,1628468982
Santa maria,-29.6842,-53.8069,65.5,88,0,3.44,BR,1628468762
Aviles,43.5547,-5.9248,63.93,77,0,2.3,ES,1628468983
Ullapool,57.8987,-5.1604,55.94,90,23,3.69,GB,1628468983
Lazaro cardenas,17.9583,-102.2,83.19,79,46,6.69,MX,1628468983
Turbo,8.0937,-76.7269,78.91,86,77,4.18,CO,1628468984
Carutapera,-1.195,-46.02,75.02,90,9,5.41,BR,1628468908
Krasnoarmeysk,51.0239,45.6969,76.3,42,100,8.1,RU,1628468984
Terrace,54.5163,-128.6035,69.71,60,75,8.05,CA,1628468861
Pochutla,15.7432,-96.4661,81.82,75,81,3.85,MX,1628468985
Melfi,40.9965,15.6514,80.22,45,87,8.16,IT,1628468985
Fort dix,40.0298,-74.6185,77.68,80,90,9.22,US,1628468985
Whitehorse,60.7161,-135.0538,61.57,55,90,19.57,CA,1628468986
Tuscaloosa,33.2098,-87.5692,83.93,91,98,3.27,US,1628468986
Bjornevatn,69.6672,29.9847,53.94,82,14,4.61,NO,1628468986
Aliwal north,-30.6937,26.7114,48.6,27,48,5.53,ZA,1628468987
Nikki,9.9401,3.2108,70.95,94,99,6.96,BJ,1628468987
Homberg,51.0333,9.4,55.94,97,22,5.95,DE,1628468987
Yar-sale,66.8333,70.8333,52.29,65,98,15.55,RU,1628468988
Tartagal,-22.5164,-63.8013,71.78,45,44,4.94,AR,1628468988
Wolomin,52.3401,21.2421,66.11,82,47,5.48,PL,1628468988
Kosino,58.4127,51.2782,54.86,69,94,5.44,RU,1628468989
Mbekenyera,-10.0,38.9833,69.06,72,98,3.49,TZ,1628468989
Egvekinot,66.3167,-179.1667,49.35,53,68,14.25,RU,1628468989
Ormond beach,29.2858,-81.0559,83.08,69,75,3.0,US,1628468848
Hay river,60.8156,-115.7999,51.78,66,75,2.3,CA,1628468699
Quartz hill,34.6453,-118.2181,100.45,16,1,15.01,US,1628468990
Nchelenge,-9.3451,28.734,62.58,48,0,5.06,ZM,1628468990
Mazatlan,23.2167,-106.4167,88.02,79,20,3.0,MX,1628468939
Chibombo,-14.6569,28.0706,55.74,42,0,4.76,ZM,1628468991
Iracoubo,5.4802,-53.2011,79.36,83,97,11.3,GF,1628468991
Kralendijk,12.15,-68.2667,82.38,74,30,10.36,BQ,1628468991
Giehun,7.8833,-11.05,71.53,97,100,2.82,SL,1628468991
Deer lake,49.1667,-57.4316,53.46,94,20,2.3,CA,1628468992
Tagab,34.855,69.6492,73.31,25,0,5.39,AF,1628468992
Coalinga,36.1397,-120.3602,101.32,22,0,13.0,US,1628468992
Goure,13.9835,10.2704,81.01,63,20,5.79,NE,1628468993
Nara,34.6851,135.8049,88.97,69,97,15.61,JP,1628468993
Gao,16.6362,1.637,89.92,41,32,6.29,ML,1628468994
Tres picos,15.8667,-93.5333,81.99,84,97,3.78,MX,1628468994
Mabaruma,8.2,-59.7833,74.21,98,75,2.01,GY,1628468994
Ruda nad moravou,49.981,16.8778,59.72,91,100,2.77,CZ,1628468995
Peterhead,57.5058,-1.7981,57.6,94,23,9.55,GB,1628468995
Vilhena,-12.7406,-60.1458,72.0,46,9,3.62,BR,1628468791
Kamenka,51.3223,42.7678,77.97,28,100,9.91,RU,1628468995
Panaba,21.2833,-88.2667,85.62,61,45,16.37,MX,1628468996
Normandin,48.8333,-72.5321,64.71,72,100,2.3,CA,1628468996
Tete,-16.1564,33.5867,57.29,72,0,0.0,MZ,1628468996
Harper,4.375,-7.7169,76.05,85,50,10.83,LR,1628468997
Weatherford,32.7593,-97.7972,94.08,51,4,1.99,US,1628468400
Aswan,24.0934,32.907,90.7,28,0,4.25,EG,1628468997
Parsons,37.3403,-95.2611,89.06,70,67,11.7,US,1628468998
Birao,10.2849,22.7882,69.51,97,99,3.69,CF,1628468998
Puerto penasco,31.3167,-113.5333,87.91,75,10,18.99,MX,1628468820
Road town,18.4167,-64.6167,82.49,77,100,18.57,VG,1628468999
Hargeysa,9.56,44.065,73.08,56,79,19.22,SO,1628468744
Barinas,8.6226,-70.2075,80.29,100,93,3.44,VE,1628468999
Boa vista,2.8197,-60.6733,80.58,78,20,3.44,BR,1628468999
Montepuez,-13.1256,38.9997,63.12,72,28,5.21,MZ,1628469000
Adrar,20.5022,-10.0711,86.94,20,11,10.56,MR,1628469000
Saint-augustin,51.226,-58.6502,57.94,70,5,5.57,CA,1628468887
Axim,4.8699,-2.2405,75.67,89,40,9.98,GH,1628469001
Russkaya polyana,49.417,31.9201,62.74,83,0,7.25,UA,1628469001
Praia,14.9215,-23.5087,79.34,83,20,3.44,CV,1628468897
Sabha,27.0377,14.4283,87.64,20,0,11.05,LY,1628469001
Chatham,51.3789,0.5279,59.49,91,62,4.0,GB,1628468787
Najran,17.4924,44.1277,83.05,48,52,7.2,SA,1628469004
Jinja,0.439,33.2032,62.69,95,67,5.57,UG,1628469004
Taltal,-25.4,-70.4833,57.78,68,5,3.76,CL,1628469004
Aksu,41.1231,80.2644,76.1,41,0,2.35,CN,1628469005
Oranjemund,-28.55,16.4333,56.79,73,95,6.93,NA,1628469005
Inongo,-1.95,18.2667,71.2,72,97,7.0,CD,1628469006
Aradippou,34.95,33.5917,81.75,50,0,5.99,CY,1628469006
Emporia,38.4039,-96.1817,89.8,58,40,14.97,US,1628469006
Durban,-29.8579,31.0292,66.02,38,0,4.0,ZA,1628468848
Jiwani,25.05,61.7417,79.95,82,88,9.04,PK,1628469007
Porto torres,40.835,8.3972,69.98,61,61,5.55,IT,1628469007
San quintin,30.4833,-115.95,70.86,72,10,9.33,MX,1628469007
Ati,13.2154,18.3353,75.83,79,100,8.14,TD,1628469008
Yalta,44.5,34.1667,73.62,78,100,4.45,UA,1628468919
Canto do buriti,-8.11,-42.9444,71.92,42,0,4.47,BR,1628469008
Sheboygan,43.7333,-87.9334,84.02,90,40,1.01,US,1628468934
Olot,42.181,2.4901,67.8,54,9,4.0,ES,1628469009
Zaria,11.1113,7.7227,70.05,94,100,7.14,NG,1628469009
Rundu,-17.9333,19.7667,54.95,23,10,4.68,NA,1628469009
Benjamin aceval,-24.9667,-57.5667,80.74,34,45,9.01,PY,1628469010
Haysville,37.5645,-97.3523,90.12,56,20,12.66,US,1628469010
Brae,60.3964,-1.353,57.11,90,99,8.08,GB,1628469011
Rondonopolis,-16.4708,-54.6356,76.42,33,56,3.15,BR,1628468955
Sabalgarh,26.25,77.4,79.75,89,100,3.69,IN,1628469011
Kilindoni,-7.9139,39.6668,75.99,72,19,12.93,TZ,1628469011
Felipe carrillo puerto,19.5833,-88.05,80.42,78,2,4.92,MX,1628469012
The valley,18.217,-63.0578,82.26,76,54,17.98,AI,1628468946
Awbari,26.5921,12.7805,87.73,17,0,10.92,LY,1628469012
Malinovoye ozero,51.6753,79.7825,62.71,86,100,4.07,RU,1628469013
Tevaitoa,-16.7833,-151.5,78.64,79,32,12.44,PF,1628469013
Beloha,-25.1667,45.05,60.03,92,0,5.41,MG,1628468968
Cuamba,-14.8031,36.5372,58.86,76,0,3.2,MZ,1628469014
Cunday,4.06,-74.6921,74.91,81,47,4.79,CO,1628469015
Linhares,-19.3911,-40.0722,63.68,89,0,1.83,BR,1628469015
Ramygala,55.5167,24.3,59.22,97,42,5.46,LT,1628469015
Muli,2.9167,73.5667,83.25,71,100,11.79,MV,1628469016
Colares,38.7992,-9.4469,64.44,76,0,17.4,PT,1628469016
Ilmajoki,62.7333,22.5667,60.39,95,0,3.44,FI,1628469016
Mapiripan,2.8892,-72.1256,74.05,91,19,3.62,CO,1628469017
Savannah bight,16.45,-85.85,84.25,79,100,22.77,HN,1628469017
Peniche,39.3558,-9.3811,64.72,90,3,14.81,PT,1628469018
Paamiut,61.994,-49.6678,43.34,88,100,1.95,GL,1628469018
Shyryayeve,47.3805,30.1964,63.9,68,0,7.96,UA,1628469018
Menongue,-14.6585,17.691,54.37,25,33,5.03,AO,1628468956
Mezen,65.8522,44.24,48.51,84,100,5.95,RU,1628469019
West memphis,35.1465,-90.1845,88.2,66,1,10.36,US,1628468901
North augusta,33.5018,-81.9651,86.49,69,1,5.75,US,1628468730
Kearney,40.6995,-99.0815,88.72,62,1,6.91,US,1628468925
Mwene-ditu,-7.0,23.45,69.71,31,100,3.11,CD,1628469020
Sur,22.5667,59.5289,87.13,58,9,6.31,OM,1628469020
Itapetininga,-23.5917,-48.0531,62.19,71,41,4.0,BR,1628469020
Santa cruz,-17.8,-63.1667,78.26,57,19,12.66,BO,1628469006
Obregon,11.9566,-85.9636,75.29,73,100,10.47,NI,1628469021
Gwadar,25.1216,62.3254,79.97,79,85,6.78,PK,1628469021
Aden,12.7794,45.0367,82.63,86,91,11.03,YE,1628469022
Homer,59.6425,-151.5483,57.09,83,90,8.05,US,1628469022
Sao jose da coroa grande,-8.8978,-35.1478,73.83,87,23,7.36,BR,1628469022
Antofagasta,-23.65,-70.4,58.28,71,12,8.55,CL,1628469023
Santa margherita ligure,44.3346,9.212,73.24,72,0,1.99,IT,1628469023
Yarim,14.298,44.3779,62.13,47,61,3.76,YE,1628469023
Diu,20.7141,70.9822,79.93,82,100,6.38,IN,1628469024
Stephenville,32.2207,-98.2023,95.34,41,1,12.66,US,1628469024
Progreso,21.2833,-89.6667,78.91,80,10,16.17,MX,1628469024
Akureyri,65.6835,-18.0878,49.93,93,0,0.0,IS,1628469025
Salekhard,66.53,66.6019,54.32,79,100,2.66,RU,1628469025
Umm kaddadah,13.6017,26.6876,80.78,56,100,11.34,SD,1628469025
Salvador,13.8333,-88.9167,78.84,92,95,1.79,SV,1628469026
San andres,12.5847,-81.7006,82.42,78,90,6.91,CO,1628469026
Goderich,43.7501,-81.7165,77.56,78,100,6.91,CA,1628468951
Liwonde,-15.0506,35.2035,60.8,60,0,1.9,MW,1628469026
Rock sound,24.9,-76.2,83.61,73,2,12.48,BS,1628469027
